match,bowlingTeam,bowlerName,overs,maiden,runs,wickets,economy,0s,4s,6s,wides,noBalls,match_id
India Vs South Africa,India ,Arshdeep Singh,4,0,20,2,5,12,2,0,0,0,T20I # 2729
India Vs South Africa,India ,Jasprit Bumrah,4,0,18,2,4.5,14,2,0,0,0,T20I # 2729
India Vs South Africa,India ,Axar Patel,4,0,49,1,12.25,8,5,3,2,0,T20I # 2729
India Vs South Africa,India ,Kuldeep Yadav,4,0,45,0,11.25,6,3,3,0,0,T20I # 2729
India Vs South Africa,India ,Hardik Pandya,3,0,20,3,6.66,9,1,1,1,1,T20I # 2729
India Vs South Africa,India ,Ravindra Jadeja,1,0,12,0,12,0,0,1,0,0,T20I # 2729
India Vs South Africa,South Africa,Marco Jansen,4,0,49,1,12.25,4,5,2,1,1,T20I # 2729
India Vs South Africa,South Africa,Keshav Maharaj,3,0,23,2,7.66,10,3,1,0,0,T20I # 2729
India Vs South Africa,South Africa,Kagiso Rabada,4,0,36,1,9,8,2,2,2,0,T20I # 2729
India Vs South Africa,South Africa,Aiden Markram,2,0,16,0,8,1,0,1,0,0,T20I # 2729
India Vs South Africa,South Africa,Anrich Nortje,4,0,26,2,6.5,7,2,0,2,0,T20I # 2729
India Vs South Africa,South Africa,Tabraiz Shamsi,3,0,26,0,8.66,4,1,1,1,0,T20I # 2729
India Vs England,India,Arshdeep Singh,2,0,17,0,8.5,5,3,0,0,0,T20I # 2724
India Vs England,India,Jasprit Bumrah,2.4,0,12,2,4.5,8,1,0,0,0,T20I # 2724
India Vs England,India,Axar Patel,4,0,23,3,5.75,10,0,1,0,0,T20I # 2724
India Vs England,India,Kuldeep Yadav,4,0,19,3,4.75,12,2,0,0,0,T20I # 2724
India Vs England,India,Ravindra Jadeja,3,0,16,0,5.33,6,1,0,0,0,T20I # 2724
India Vs England,India,Hardik Pandya,1,0,14,0,14,1,1,1,0,0,T20I # 2724
India Vs England,England,Reece Topley,3,0,25,1,8.33,8,3,1,0,0,T20I # 2724
India Vs England,England,Jofra Archer,4,0,33,1,8.25,7,4,0,0,0,T20I # 2724
India Vs England,England,Sam Curran,2,0,25,1,12.5,3,2,2,0,0,T20I # 2724
India Vs England,England,Adil Rashid,4,0,25,1,6.25,9,3,0,0,0,T20I # 2724
India Vs England,England,Chris Jordan,3,0,37,3,12.33,4,0,4,0,0,T20I # 2724
India Vs England,England,Liam Livingstone,4,0,24,0,6,9,1,1,1,0,T20I # 2724
Afghanistan Vs South Africa,Afghanistan,Naveen-ul-Haq,3,0,15,0,5,12,2,0,1,0,T20I # 2723
Afghanistan Vs South Africa,Afghanistan,Fazalhaq Farooqi,2,0,11,1,5.5,9,2,0,1,0,T20I # 2723
Afghanistan Vs South Africa,Afghanistan,Rashid Khan,1,0,8,0,8,2,1,0,0,0,T20I # 2723
Afghanistan Vs South Africa,Afghanistan,Azmatullah Omarzai,1.5,0,18,0,9.81,6,2,1,0,1,T20I # 2723
Afghanistan Vs South Africa,Afghanistan,Gulbadin Naib,1,0,8,0,8,2,1,0,0,0,T20I # 2723
Afghanistan Vs South Africa,South Africa,Marco Jansen,3,0,16,3,5.33,13,2,0,4,0,T20I # 2723
Afghanistan Vs South Africa,South Africa,Keshav Maharaj,1,0,6,0,6,3,1,0,0,0,T20I # 2723
Afghanistan Vs South Africa,South Africa,Kagiso Rabada,3,1,14,2,4.66,13,3,0,0,0,T20I # 2723
Afghanistan Vs South Africa,South Africa,Anrich Nortje,3,0,7,2,2.33,14,0,0,1,0,T20I # 2723
Afghanistan Vs South Africa,South Africa,Tabraiz Shamsi,1.5,0,6,3,3.27,9,1,0,1,0,T20I # 2723
Afghanistan Vs Bangladesh,Afghanistan,Naveen-ul-Haq,3.5,0,26,4,6.78,12,3,1,0,0,T20I # 2722
Afghanistan Vs Bangladesh,Afghanistan,Fazalhaq Farooqi,2,0,15,1,7.5,3,1,0,2,0,T20I # 2722
Afghanistan Vs Bangladesh,Afghanistan,Mohammad Nabi,2,0,15,0,7.5,5,2,0,0,0,T20I # 2722
Afghanistan Vs Bangladesh,Afghanistan,Rashid Khan,4,0,23,4,5.75,9,2,0,1,0,T20I # 2722
Afghanistan Vs Bangladesh,Afghanistan,Noor Ahmad,4,0,13,0,3.25,18,2,0,0,0,T20I # 2722
Afghanistan Vs Bangladesh,Afghanistan,Gulbadin Naib,2,0,5,1,2.5,7,0,0,0,0,T20I # 2722
Afghanistan Vs Bangladesh,Bangladesh,Tanzim Hasan Sakib,4,0,36,0,9,9,1,2,1,0,T20I # 2722
Afghanistan Vs Bangladesh,Bangladesh,Taskin Ahmed,4,1,12,1,3,19,0,1,0,0,T20I # 2722
Afghanistan Vs Bangladesh,Bangladesh,Shakib Al Hasan,4,0,19,0,4.75,11,0,1,0,0,T20I # 2722
Afghanistan Vs Bangladesh,Bangladesh,Mustafizur Rahman,4,0,17,1,4.25,14,2,0,0,0,T20I # 2722
Afghanistan Vs Bangladesh,Bangladesh,Rishad Hossain,4,0,26,3,6.5,13,3,0,1,0,T20I # 2722
Australia Vs India,Australia,Mitchell Starc,4,0,45,2,11.25,12,4,4,1,0,T20I # 2721
Australia Vs India,Australia,Josh Hazlewood,4,0,14,1,3.5,12,1,0,0,0,T20I # 2721
Australia Vs India,Australia,Pat Cummins,4,0,48,0,12,5,4,3,0,0,T20I # 2721
Australia Vs India,Australia,Adam Zampa,4,0,41,0,10.25,2,1,3,0,0,T20I # 2721
Australia Vs India,Australia,Marcus Stoinis,4,0,56,2,14,6,4,5,1,0,T20I # 2721
Australia Vs India,India,Arshdeep Singh,4,0,37,3,9.25,12,4,2,2,0,T20I # 2721
Australia Vs India,India,Jasprit Bumrah,4,0,29,1,7.25,11,3,1,0,0,T20I # 2721
Australia Vs India,India,Axar Patel,3,0,21,1,7,9,2,1,0,0,T20I # 2721
Australia Vs India,India,Hardik Pandya,4,0,47,0,11.75,8,4,3,1,0,T20I # 2721
Australia Vs India,India,Kuldeep Yadav,4,0,24,2,6,9,1,1,0,0,T20I # 2721
Australia Vs India,India,Ravindra Jadeja,1,0,17,0,17,0,2,1,0,0,T20I # 2721
West Indies Vs South Africa,South Africa,Marco Jansen,2,0,17,1,8.5,6,2,0,4,0,T20I # 2720
West Indies Vs South Africa,South Africa,Aiden Markram,4,0,28,1,7,11,1,2,2,0,T20I # 2720
West Indies Vs South Africa,South Africa,Keshav Maharaj,4,0,24,1,6,10,1,1,0,0,T20I # 2720
West Indies Vs South Africa,South Africa,Anrich Nortje,4,0,26,0,6.5,13,1,2,2,0,T20I # 2720
West Indies Vs South Africa,South Africa,Tabraiz Shamsi,4,0,27,3,6.75,11,3,1,0,0,T20I # 2720
West Indies Vs South Africa,South Africa,Kagiso Rabada,2,0,11,1,5.5,7,0,1,0,0,T20I # 2720
West Indies Vs South Africa,West Indies,Akeal Hosein,3,0,31,0,10.33,6,6,0,0,0,T20I # 2720
West Indies Vs South Africa,West Indies,Andre Russell,4,0,19,2,4.75,13,2,0,1,0,T20I # 2720
West Indies Vs South Africa,West Indies,Alzarri Joseph,4,0,25,2,6.25,9,1,0,1,0,T20I # 2720
West Indies Vs South Africa,West Indies,Gudakesh Motie,1,0,20,0,20,0,3,1,0,0,T20I # 2720
West Indies Vs South Africa,West Indies,Obed McCoy,1.1,0,15,0,12.85,3,1,1,3,0,T20I # 2720
West Indies Vs South Africa,West Indies,Roston Chase,3,0,12,3,4,10,1,0,0,0,T20I # 2720
England Vs USA,England,Reece Topley,3,0,29,1,9.66,8,2,2,0,0,T20I # 2719
England Vs USA,England,Jofra Archer,3,0,16,0,5.33,12,1,1,0,0,T20I # 2719
England Vs USA,England,Sam Curran,2,0,23,2,11.5,4,3,1,0,0,T20I # 2719
England Vs USA,England,Adil Rashid,4,0,13,2,3.25,13,0,0,1,0,T20I # 2719
England Vs USA,England,Liam Livingstone,4,0,24,1,6,10,1,1,0,0,T20I # 2719
England Vs USA,England,Chris Jordan,2.5,0,10,4,3.52,8,0,0,0,0,T20I # 2719
England Vs USA,USA,Saurabh Netravalkar,2,0,21,0,10.5,5,1,2,0,0,T20I # 2719
England Vs USA,USA,Harmeet Singh,2,0,36,0,18,3,0,5,2,0,T20I # 2719
England Vs USA,USA,Nosthush Kenjige,2,0,19,0,9.5,3,3,0,0,0,T20I # 2719
England Vs USA,USA,Ali Khan,2,0,26,0,13,2,2,0,2,0,T20I # 2719
England Vs USA,USA,Shadley van Schalkwyk,1.4,0,15,0,9,2,2,0,0,1,T20I # 2719
Afghanistan Vs Australia,Australia,Ashton Agar,4,1,17,0,4.25,15,1,0,0,0,T20I # 2717
Afghanistan Vs Australia,Australia,Josh Hazlewood,4,0,39,0,9.75,10,4,2,1,0,T20I # 2717
Afghanistan Vs Australia,Australia,Pat Cummins,4,0,28,3,7,13,3,1,1,0,T20I # 2717
Afghanistan Vs Australia,Australia,Adam Zampa,4,0,28,2,7,9,2,1,1,0,T20I # 2717
Afghanistan Vs Australia,Australia,Glenn Maxwell,2,0,12,0,6,5,1,0,1,0,T20I # 2717
Afghanistan Vs Australia,Australia,Marcus Stoinis,2,0,19,1,9.5,4,1,1,0,0,T20I # 2717
Afghanistan Vs Australia,Afghanistan,Naveen-ul-Haq,4,0,20,3,5,12,2,0,0,0,T20I # 2717
Afghanistan Vs Australia,Afghanistan,Fazalhaq Farooqi,3,0,21,0,7,8,2,0,0,1,T20I # 2717
Afghanistan Vs Australia,Afghanistan,Azmatullah Omarzai,1.2,0,10,1,7.5,5,2,0,0,0,T20I # 2717
Afghanistan Vs Australia,Afghanistan,Mohammad Nabi,1,0,1,1,1,5,0,0,0,0,T20I # 2717
Afghanistan Vs Australia,Afghanistan,Nangeyalia Kharote,1,0,13,0,13,1,1,1,0,0,T20I # 2717
Afghanistan Vs Australia,Afghanistan,Rashid Khan,4,0,23,1,5.75,11,1,1,2,0,T20I # 2717
Afghanistan Vs Australia,Afghanistan,Noor Ahmad,1,0,11,0,11,3,1,0,1,0,T20I # 2717
Afghanistan Vs Australia,Afghanistan,Gulbadin Naib,4,0,20,4,5,13,1,1,0,0,T20I # 2717
Bangladesh Vs India,Bangladesh,Mahedi Hasan,4,0,28,0,7,9,2,1,0,0,T20I # 2716
Bangladesh Vs India,Bangladesh,Shakib Al Hasan,3,0,37,1,12.33,5,2,3,1,0,T20I # 2716
Bangladesh Vs India,Bangladesh,Tanzim Hasan Sakib,4,0,32,2,8,11,1,3,1,0,T20I # 2716
Bangladesh Vs India,Bangladesh,Mustafizur Rahman,4,0,48,0,12,6,5,2,1,1,T20I # 2716
Bangladesh Vs India,Bangladesh,Rishad Hossain,3,0,43,2,14.33,4,2,4,2,0,T20I # 2716
Bangladesh Vs India,Bangladesh,Mahmudullah,2,0,8,0,4,5,0,0,1,0,T20I # 2716
Bangladesh Vs India,India,Arshdeep Singh,4,0,30,2,7.5,12,4,1,1,0,T20I # 2716
Bangladesh Vs India,India,Jasprit Bumrah,4,0,13,2,3.25,15,1,0,0,0,T20I # 2716
Bangladesh Vs India,India,Axar Patel,2,0,26,0,13,2,2,2,0,0,T20I # 2716
Bangladesh Vs India,India,Hardik Pandya,3,0,32,1,10.66,6,1,3,2,0,T20I # 2716
Bangladesh Vs India,India,Ravindra Jadeja,3,0,24,0,8,5,2,1,0,0,T20I # 2716
Bangladesh Vs India,India,Kuldeep Yadav,4,0,19,3,4.75,11,0,1,0,0,T20I # 2716
West Indies Vs USA,West Indies,Akeal Hosein,3,0,13,0,4.33,8,1,0,0,0,T20I # 2713
West Indies Vs USA,West Indies,Andre Russell,3.5,0,31,3,8.08,13,3,1,3,0,T20I # 2713
West Indies Vs USA,West Indies,Obed McCoy,2,0,20,0,10,4,3,0,1,0,T20I # 2713
West Indies Vs USA,West Indies,Alzarri Joseph,4,0,31,2,7.75,9,1,2,1,1,T20I # 2713
West Indies Vs USA,West Indies,Gudakesh Motie,3,0,14,1,4.66,9,1,0,0,0,T20I # 2713
West Indies Vs USA,West Indies,Roston Chase,4,0,19,3,4.75,9,1,0,1,0,T20I # 2713
West Indies Vs USA,USA,Saurabh Netravalkar,2.5,0,31,0,10.94,7,2,3,0,0,T20I # 2713
West Indies Vs USA,USA,Nosthush Kenjige,1,0,11,0,11,1,0,1,0,0,T20I # 2713
West Indies Vs USA,USA,Ali Khan,2,0,18,0,9,5,1,1,2,0,T20I # 2713
West Indies Vs USA,USA,Harmeet Singh,2,0,18,1,9,4,1,1,0,0,T20I # 2713
West Indies Vs USA,USA,Shadley van Schalkwyk,2,0,29,0,14.5,3,3,2,1,0,T20I # 2713
West Indies Vs USA,USA,Milind Kumar,1,0,22,0,22,1,0,3,1,0,T20I # 2713
England Vs South Africa,England,Reece Topley,4,0,23,0,5.75,8,1,0,2,0,T20I # 2712
England Vs South Africa,England,Moeen Ali,3,0,25,1,8.33,6,2,1,0,0,T20I # 2712
England Vs South Africa,England,Jofra Archer,4,0,40,3,10,10,3,3,1,0,T20I # 2712
England Vs South Africa,England,Sam Curran,3,0,29,0,9.66,7,1,2,1,0,T20I # 2712
England Vs South Africa,England,Adil Rashid,4,0,20,1,5,9,1,0,0,0,T20I # 2712
England Vs South Africa,England,Mark Wood,2,0,22,0,11,4,4,0,2,0,T20I # 2712
England Vs South Africa,South Africa,Marco Jansen,4,0,31,0,7.75,9,2,1,0,1,T20I # 2712
England Vs South Africa,South Africa,Kagiso Rabada,4,0,32,2,8,9,3,1,2,0,T20I # 2712
England Vs South Africa,South Africa,Keshav Maharaj,4,0,25,2,6.25,9,2,0,0,0,T20I # 2712
England Vs South Africa,South Africa,Ottneil Baartman,3,0,27,1,9,7,3,1,0,0,T20I # 2712
England Vs South Africa,South Africa,Anrich Nortje,4,0,35,1,8.75,4,4,0,1,0,T20I # 2712
England Vs South Africa,South Africa,Aiden Markram,1,0,4,0,4,2,0,0,0,0,T20I # 2712
Australia Vs Bangladesh,Australia,Mitchell Starc,4,0,21,1,5.25,15,3,0,2,0,T20I # 2711
Australia Vs Bangladesh,Australia,Josh Hazlewood,4,1,25,0,6.25,12,1,1,1,0,T20I # 2711
Australia Vs Bangladesh,Australia,Pat Cummins,4,0,29,3,7.25,8,1,0,3,0,T20I # 2711
Australia Vs Bangladesh,Australia,Adam Zampa,4,0,24,2,6,10,3,0,0,0,T20I # 2711
Australia Vs Bangladesh,Australia,Marcus Stoinis,2,0,24,1,12,3,1,2,1,0,T20I # 2711
Australia Vs Bangladesh,Australia,Glenn Maxwell,2,0,14,1,7,3,1,0,0,0,T20I # 2711
Australia Vs Bangladesh,Bangladesh,Mahedi Hasan,4,0,22,0,5.5,15,1,2,0,0,T20I # 2711
Australia Vs Bangladesh,Bangladesh,Tanzim Hasan Sakib,1,0,9,0,9,2,1,0,0,0,T20I # 2711
Australia Vs Bangladesh,Bangladesh,Taskin Ahmed,1.2,0,22,0,16.5,2,2,2,0,0,T20I # 2711
Australia Vs Bangladesh,Bangladesh,Mustafizur Rahman,2,0,23,0,11.5,3,3,1,0,0,T20I # 2711
Australia Vs Bangladesh,Bangladesh,Rishad Hossain,3,0,23,2,7.66,7,2,1,0,0,T20I # 2711
Afghanistan Vs India,Afghanistan,Fazalhaq Farooqi,4,0,33,3,8.25,12,4,1,2,0,T20I # 2710
Afghanistan Vs India,Afghanistan,Mohammad Nabi,3,0,24,0,8,7,3,0,0,0,T20I # 2710
Afghanistan Vs India,Afghanistan,Naveen-ul-Haq,4,0,40,1,10,9,3,2,3,0,T20I # 2710
Afghanistan Vs India,Afghanistan,Rashid Khan,4,0,26,3,6.5,13,3,1,0,0,T20I # 2710
Afghanistan Vs India,Afghanistan,Noor Ahmad,3,0,30,0,10,4,1,2,1,0,T20I # 2710
Afghanistan Vs India,Afghanistan,Azmatullah Omarzai,2,0,23,0,11.5,3,2,1,1,0,T20I # 2710
Afghanistan Vs India,India,Arshdeep Singh,4,0,36,3,9,12,3,2,5,0,T20I # 2710
Afghanistan Vs India,India,Jasprit Bumrah,4,1,7,3,1.75,20,1,0,0,0,T20I # 2710
Afghanistan Vs India,India,Axar Patel,3,1,15,1,5,11,0,1,0,0,T20I # 2710
Afghanistan Vs India,India,Hardik Pandya,2,0,13,0,6.5,8,1,1,1,0,T20I # 2710
Afghanistan Vs India,India,Kuldeep Yadav,4,0,32,2,8,11,2,2,1,1,T20I # 2710
Afghanistan Vs India,India,Ravindra Jadeja,3,0,20,1,6.66,4,0,1,0,0,T20I # 2710
West Indies Vs England,England,Reece Topley,3,0,26,0,8.66,8,2,1,4,0,T20I # 2709
West Indies Vs England,England,Mark Wood,3,0,36,0,12,7,3,2,4,0,T20I # 2709
West Indies Vs England,England,Jofra Archer,4,0,34,1,8.5,12,5,1,1,0,T20I # 2709
West Indies Vs England,England,Sam Curran,3,0,25,0,8.33,9,3,1,0,0,T20I # 2709
West Indies Vs England,England,Adil Rashid,4,0,21,1,5.25,10,0,1,1,0,T20I # 2709
West Indies Vs England,England,Moeen Ali,2,0,15,1,7.5,3,0,1,0,0,T20I # 2709
West Indies Vs England,England,Liam Livingstone,1,0,20,1,20,2,0,3,0,0,T20I # 2709
West Indies Vs England,West Indies,Akeal Hosein,4,0,35,0,8.75,9,4,1,1,0,T20I # 2709
West Indies Vs England,West Indies,Romario Shepherd,2,0,41,0,20.5,2,5,3,1,0,T20I # 2709
West Indies Vs England,West Indies,Andre Russell,2,0,21,1,10.5,2,0,1,2,0,T20I # 2709
West Indies Vs England,West Indies,Alzarri Joseph,2.3,0,32,0,12.8,2,2,2,0,0,T20I # 2709
West Indies Vs England,West Indies,Gudakesh Motie,4,0,32,0,8,8,4,0,0,0,T20I # 2709
West Indies Vs England,West Indies,Roston Chase,3,0,19,1,6.33,6,1,0,2,0,T20I # 2709
South Africa Vs USA,USA,Saurabh Netravalkar,4,0,21,2,5.25,12,2,0,0,0,T20I # 2708
South Africa Vs USA,USA,Ali Khan,4,0,45,0,11.25,7,1,4,2,0,T20I # 2708
South Africa Vs USA,USA,Jasdeep Singh,2,0,36,0,18,2,2,3,2,1,T20I # 2708
South Africa Vs USA,USA,Nosthush Kenjige,3,0,29,0,9.66,2,2,1,0,0,T20I # 2708
South Africa Vs USA,USA,Harmeet Singh,4,0,24,2,6,8,2,0,0,1,T20I # 2708
South Africa Vs USA,USA,Steven Taylor,2,0,21,0,10.5,3,2,1,0,0,T20I # 2708
South Africa Vs USA,USA,Corey Anderson,1,0,17,0,17,0,2,1,0,0,T20I # 2708
South Africa Vs USA,South Africa,Marco Jansen,3,0,32,0,10.66,9,3,2,2,0,T20I # 2708
South Africa Vs USA,South Africa,Aiden Markram,1,0,13,0,13,2,1,1,0,0,T20I # 2708
South Africa Vs USA,South Africa,Kagiso Rabada,4,0,18,3,4.5,14,2,0,1,1,T20I # 2708
South Africa Vs USA,South Africa,Keshav Maharaj,4,0,24,1,6,7,0,1,0,0,T20I # 2708
South Africa Vs USA,South Africa,Anrich Nortje,4,0,37,1,9.25,10,2,3,1,0,T20I # 2708
South Africa Vs USA,South Africa,Tabraiz Shamsi,4,0,50,1,12.5,5,3,4,2,0,T20I # 2708
West Indies Vs Afghanistan,Afghanistan,Fazalhaq Farooqi,3,0,38,0,12.66,4,5,1,1,1,T20I # 2703
West Indies Vs Afghanistan,Afghanistan,Azmatullah Omarzai,2,0,41,1,20.5,5,4,3,1,1,T20I # 2703
West Indies Vs Afghanistan,Afghanistan,Rashid Khan,4,0,45,0,11.25,5,3,3,1,0,T20I # 2703
West Indies Vs Afghanistan,Afghanistan,Naveen-ul-Haq,4,0,41,1,10.25,10,4,2,2,0,T20I # 2703
West Indies Vs Afghanistan,Afghanistan,Noor Ahmad,4,0,20,0,5,6,0,0,0,0,T20I # 2703
West Indies Vs Afghanistan,Afghanistan,Mohammad Nabi,1,0,15,0,15,2,0,2,0,0,T20I # 2703
West Indies Vs Afghanistan,Afghanistan,Gulbadin Naib,2,0,14,2,7,4,0,1,0,0,T20I # 2703
West Indies Vs Afghanistan,West Indies,Akeal Hosein,4,1,21,2,5.25,14,3,0,1,0,T20I # 2703
West Indies Vs Afghanistan,West Indies,Andre Russell,2.2,0,17,1,7.28,6,1,1,0,0,T20I # 2703
West Indies Vs Afghanistan,West Indies,Alzarri Joseph,3,0,30,1,10,7,4,1,1,0,T20I # 2703
West Indies Vs Afghanistan,West Indies,Gudakesh Motie,4,0,28,2,7,12,1,2,0,0,T20I # 2703
West Indies Vs Afghanistan,West Indies,Obed McCoy,3,0,14,3,4.66,9,1,0,0,0,T20I # 2703
New Zealand Vs P.N.G,New Zealand,Trent Boult,4,0,14,2,3.5,16,2,0,0,0,T20I # 2702
New Zealand Vs P.N.G,New Zealand,Tim Southee,4,0,11,2,2.75,18,1,0,2,0,T20I # 2702
New Zealand Vs P.N.G,New Zealand,Lockie Ferguson,4,4,0,3,0,24,0,0,0,0,T20I # 2702
New Zealand Vs P.N.G,New Zealand,Ish Sodhi,3.4,0,29,2,7.9,9,3,1,1,0,T20I # 2702
New Zealand Vs P.N.G,New Zealand,Mitchell Santner,4,0,17,1,4.25,14,1,0,1,0,T20I # 2702
New Zealand Vs P.N.G,P.N.G,Kabua Morea,2.2,0,4,2,1.71,11,0,0,0,0,T20I # 2702
New Zealand Vs P.N.G,P.N.G,Alei Nao,3,0,22,0,7.33,9,1,2,0,0,T20I # 2702
New Zealand Vs P.N.G,P.N.G,Assad Vala,1,0,4,0,4,2,0,0,0,0,T20I # 2702
New Zealand Vs P.N.G,P.N.G,Charles Amini,1,0,5,0,5,1,0,0,0,0,T20I # 2702
New Zealand Vs P.N.G,P.N.G,Semo Kamea,3,0,23,1,7.66,8,4,0,0,0,T20I # 2702
New Zealand Vs P.N.G,P.N.G,Chad Soper,1,0,14,0,14,2,1,1,0,0,T20I # 2702
New Zealand Vs P.N.G,P.N.G,Norman Vanua,1,0,6,0,6,3,1,0,0,0,T20I # 2702
Netherlands Vs Sri Lanka,Netherlands,Vivian Kingma,3,0,23,1,7.66,9,3,0,3,0,T20I # 2699
Netherlands Vs Sri Lanka,Netherlands,Aryan Dutt,3,0,23,1,7.66,5,1,1,1,0,T20I # 2699
Netherlands Vs Sri Lanka,Netherlands,Logan van Beek,4,0,45,2,11.25,8,1,4,2,0,T20I # 2699
Netherlands Vs Sri Lanka,Netherlands,Paul van Meekeren,3,0,37,1,12.33,4,3,2,2,0,T20I # 2699
Netherlands Vs Sri Lanka,Netherlands,Tim Pringle,4,0,41,1,10.25,3,3,2,0,0,T20I # 2699
Netherlands Vs Sri Lanka,Netherlands,Bas de Leede,3,0,32,0,10.66,5,1,2,0,0,T20I # 2699
Netherlands Vs Sri Lanka,Sri Lanka,Angelo Mathews,2,0,20,0,10,7,0,2,1,1,T20I # 2699
Netherlands Vs Sri Lanka,Sri Lanka,Nuwan Thushara,3.4,0,24,3,6.54,11,2,1,2,0,T20I # 2699
Netherlands Vs Sri Lanka,Sri Lanka,Maheesh Theekshana,3,0,25,1,8.33,7,1,2,1,0,T20I # 2699
Netherlands Vs Sri Lanka,Sri Lanka,Wanindu Hasaranga,4,0,25,2,6.25,10,1,1,0,0,T20I # 2699
Netherlands Vs Sri Lanka,Sri Lanka,Dasun Shanaka,1,0,10,1,10,1,1,0,0,0,T20I # 2699
Netherlands Vs Sri Lanka,Sri Lanka,Matheesha Pathirana,3,0,12,2,4,10,0,0,1,0,T20I # 2699
Bangladesh Vs Nepal,Nepal,Sompal Kami,3,0,10,2,3.33,12,1,0,0,0,T20I # 2698
Bangladesh Vs Nepal,Nepal,Dipendra Singh Airee,3.3,0,22,2,6.28,11,3,0,0,0,T20I # 2698
Bangladesh Vs Nepal,Nepal,Rohit Paudel,4,0,20,2,5,11,2,0,0,0,T20I # 2698
Bangladesh Vs Nepal,Nepal,Sandeep Lamichhane,4,1,17,2,4.25,15,2,0,1,0,T20I # 2698
Bangladesh Vs Nepal,Nepal,Kushal Bhurtel,4,0,22,0,5.5,12,1,1,2,0,T20I # 2698
Bangladesh Vs Nepal,Nepal,Abinash Bohara,1,0,10,0,10,3,1,0,2,0,T20I # 2698
Bangladesh Vs Nepal,Bangladesh,Tanzim Hasan Sakib,4,2,7,4,1.75,21,1,0,1,0,T20I # 2698
Bangladesh Vs Nepal,Bangladesh,Taskin Ahmed,4,0,29,1,7.25,13,4,1,1,0,T20I # 2698
Bangladesh Vs Nepal,Bangladesh,Mustafizur Rahman,4,1,7,3,1.75,20,1,0,0,0,T20I # 2698
Bangladesh Vs Nepal,Bangladesh,Rishad Hossain,3,0,15,0,5,13,1,0,1,0,T20I # 2698
Bangladesh Vs Nepal,Bangladesh,Shakib Al Hasan,2.2,0,9,2,3.85,7,0,0,0,0,T20I # 2698
Bangladesh Vs Nepal,Bangladesh,Mahmudullah,2,0,15,0,7.5,6,1,1,0,0,T20I # 2698
Ireland Vs Pakistan,Pakistan,Shaheen Shah Afridi,4,0,22,3,5.5,16,3,0,1,0,T20I # 2697
Ireland Vs Pakistan,Pakistan,Mohammad Amir,4,1,11,2,2.75,20,2,0,0,0,T20I # 2697
Ireland Vs Pakistan,Pakistan,Haris Rauf,4,0,17,1,4.25,16,1,1,0,0,T20I # 2697
Ireland Vs Pakistan,Pakistan,Abbas Afridi,3,0,31,0,10.33,5,1,2,2,0,T20I # 2697
Ireland Vs Pakistan,Pakistan,Shadab Khan,1,0,11,0,11,3,1,1,0,0,T20I # 2697
Ireland Vs Pakistan,Pakistan,Imad Wasim,4,0,8,3,2,17,0,0,0,0,T20I # 2697
Ireland Vs Pakistan,Ireland,Mark Adair,4,0,24,1,6,14,1,1,1,0,T20I # 2697
Ireland Vs Pakistan,Ireland,Josh Little,3,0,17,0,5.66,11,3,0,0,0,T20I # 2697
Ireland Vs Pakistan,Ireland,Barry McCarthy,4,1,15,3,3.75,15,1,0,1,0,T20I # 2697
Ireland Vs Pakistan,Ireland,Ben White,2,0,11,1,5.5,5,1,0,0,0,T20I # 2697
Ireland Vs Pakistan,Ireland,Curtis Campher,4,0,24,2,6,12,2,1,0,0,T20I # 2697
Ireland Vs Pakistan,Ireland,Gareth Delany,1.5,0,19,0,10.36,3,0,2,1,0,T20I # 2697
Australia Vs Scotland,Australia,Ashton Agar,4,0,39,1,9.75,6,0,3,1,0,T20I # 2689
Australia Vs Scotland,Australia,Mitchell Starc,4,0,31,0,7.75,10,1,2,1,0,T20I # 2689
Australia Vs Scotland,Australia,Nathan Ellis,4,0,34,1,8.5,7,2,1,3,0,T20I # 2689
Australia Vs Scotland,Australia,Glenn Maxwell,4,0,44,2,11,8,2,4,1,0,T20I # 2689
Australia Vs Scotland,Australia,Adam Zampa,4,0,30,1,7.5,8,1,2,0,0,T20I # 2689
Australia Vs Scotland,Scotland,Michael Leask,4,0,39,0,9.75,8,2,3,0,0,T20I # 2689
Australia Vs Scotland,Scotland,Brad Wheal,3.4,1,28,1,7.63,12,4,1,0,0,T20I # 2689
Australia Vs Scotland,Scotland,Mark Watt,4,0,34,2,8.5,10,6,0,1,0,T20I # 2689
Australia Vs Scotland,Scotland,Chris Sole,3,0,33,0,11,4,3,1,1,0,T20I # 2689
Australia Vs Scotland,Scotland,Safyaan Sharif,4,0,42,2,10.5,8,2,3,3,0,T20I # 2689
Australia Vs Scotland,Scotland,Chris Greaves,1,0,4,0,4,2,0,0,0,0,T20I # 2689
England Vs Namibia,Namibia,David Wiese,2,0,6,1,3,9,1,0,0,0,T20I # 2688
England Vs Namibia,Namibia,Ruben Trumpelmann,2,0,31,2,15.5,3,2,3,1,0,T20I # 2688
England Vs Namibia,Namibia,Bernard Scholtz,2,0,24,1,12,4,1,2,0,0,T20I # 2688
England Vs Namibia,Namibia,Gerhard Erasmus,2,0,26,0,13,2,2,1,0,0,T20I # 2688
England Vs Namibia,Namibia,Jack Brassell,2,0,32,0,16,2,3,2,0,0,T20I # 2688
England Vs Namibia,England,Reece Topley,2,0,6,0,3,8,0,0,0,1,T20I # 2688
England Vs Namibia,England,Jofra Archer,2,0,15,1,7.5,7,1,1,1,0,T20I # 2688
England Vs Namibia,England,Sam Curran,2,0,13,0,6.5,5,2,0,0,0,T20I # 2688
England Vs Namibia,England,Chris Jordan,2,0,19,1,9.5,4,0,2,0,0,T20I # 2688
England Vs Namibia,England,Adil Rashid,2,0,29,0,14.5,3,1,3,1,0,T20I # 2688
New Zealand Vs Uganda,New Zealand,Trent Boult,4,1,7,2,1.75,20,1,0,0,0,T20I # 2682
New Zealand Vs Uganda,New Zealand,Tim Southee,4,1,4,3,1,20,0,0,0,0,T20I # 2682
New Zealand Vs Uganda,New Zealand,Mitchell Santner,3.4,0,8,2,2.18,17,0,0,3,0,T20I # 2682
New Zealand Vs Uganda,New Zealand,Lockie Ferguson,4,0,9,1,2.25,20,1,0,2,0,T20I # 2682
New Zealand Vs Uganda,New Zealand,Rachin Ravindra,3,1,9,2,3,12,1,0,0,0,T20I # 2682
New Zealand Vs Uganda,Uganda,Cosmas Kyewuta,2,0,13,0,6.5,6,1,0,2,1,T20I # 2682
New Zealand Vs Uganda,Uganda,Juma Miyagi,2.2,0,16,0,6.85,7,3,0,0,0,T20I # 2682
New Zealand Vs Uganda,Uganda,Riazat Ali Shah,1,0,10,1,10,3,1,0,4,0,T20I # 2682
Nepal Vs South Africa,Nepal,Sompal Kami,2,1,6,0,3,10,1,0,1,0,T20I # 2681
Nepal Vs South Africa,Nepal,Dipendra Singh Airee,4,0,21,3,5.25,9,1,0,1,0,T20I # 2681
Nepal Vs South Africa,Nepal,Karan KC,1,0,9,0,9,3,2,0,0,0,T20I # 2681
Nepal Vs South Africa,Nepal,Kushal Malla,2,0,17,0,8.5,6,2,1,0,0,T20I # 2681
Nepal Vs South Africa,Nepal,Sandeep Lamichhane,4,0,18,0,4.5,11,1,0,0,0,T20I # 2681
Nepal Vs South Africa,Nepal,Kushal Bhurtel,4,0,19,4,4.75,12,0,1,1,0,T20I # 2681
Nepal Vs South Africa,Nepal,Abinash Bohara,3,0,19,0,6.33,8,3,0,0,0,T20I # 2681
Nepal Vs South Africa,South Africa,Marco Jansen,4,0,16,0,4,16,1,1,0,0,T20I # 2681
Nepal Vs South Africa,South Africa,Kagiso Rabada,2,0,17,0,8.5,6,2,1,0,0,T20I # 2681
Nepal Vs South Africa,South Africa,Ottneil Baartman,4,0,20,0,5,15,3,0,0,0,T20I # 2681
Nepal Vs South Africa,South Africa,Anrich Nortje,4,0,27,1,6.75,15,3,1,3,0,T20I # 2681
Nepal Vs South Africa,South Africa,Tabraiz Shamsi,4,0,19,4,4.75,12,0,1,1,0,T20I # 2681
Nepal Vs South Africa,South Africa,Aiden Markram,2,0,8,1,4,4,0,0,0,0,T20I # 2681
Afghanistan Vs P.N.G,Afghanistan,Fazalhaq Farooqi,4,0,16,3,4,17,1,0,1,0,T20I # 2679
Afghanistan Vs P.N.G,Afghanistan,Mohammad Nabi,1,0,9,0,9,1,1,0,0,0,T20I # 2679
Afghanistan Vs P.N.G,Afghanistan,Naveen-ul-Haq,2.5,0,4,2,1.41,14,0,0,1,0,T20I # 2679
Afghanistan Vs P.N.G,Afghanistan,Rashid Khan,4,0,25,0,6.25,10,1,0,1,0,T20I # 2679
Afghanistan Vs P.N.G,Afghanistan,Noor Ahmad,4,0,14,1,3.5,15,1,0,1,0,T20I # 2679
Afghanistan Vs P.N.G,Afghanistan,Azmatullah Omarzai,2,1,5,0,2.5,10,1,0,0,0,T20I # 2679
Afghanistan Vs P.N.G,Afghanistan,Karim Janat,2,0,10,0,5,7,1,0,1,0,T20I # 2679
Afghanistan Vs P.N.G,P.N.G,Alei Nao,4,0,26,1,6.5,14,0,2,3,0,T20I # 2679
Afghanistan Vs P.N.G,P.N.G,Semo Kamea,3,0,16,1,5.33,10,2,0,2,0,T20I # 2679
Afghanistan Vs P.N.G,P.N.G,Chad Soper,2.1,0,19,0,8.76,5,1,1,0,0,T20I # 2679
Afghanistan Vs P.N.G,P.N.G,Norman Vanua,3,0,18,1,6,7,2,0,0,0,T20I # 2679
Afghanistan Vs P.N.G,P.N.G,John Kariko,3,0,15,0,5,9,2,0,0,0,T20I # 2679
England Vs Oman,England,Reece Topley,3,0,12,0,4,11,0,1,0,0,T20I # 2678
England Vs Oman,England,Jofra Archer,3.2,1,12,3,3.6,15,2,0,1,0,T20I # 2678
England Vs Oman,England,Mark Wood,3,0,12,3,4,10,1,0,0,0,T20I # 2678
England Vs Oman,England,Adil Rashid,4,0,11,4,2.75,20,1,0,3,0,T20I # 2678
England Vs Oman,Oman,Bilal Khan,2,0,36,1,18,3,4,3,0,0,T20I # 2678
England Vs Oman,Oman,Kaleemullah,1,0,10,1,10,4,2,0,0,1,T20I # 2678
England Vs Oman,Oman,Fayyaz Butt,0.1,0,4,0,24,0,1,0,0,0,T20I # 2678
Bangladesh Vs Netherlands,Netherlands,Vivian Kingma,2,0,20,0,10,6,2,1,1,0,T20I # 2677
Bangladesh Vs Netherlands,Netherlands,Aryan Dutt,4,0,17,2,4.25,12,1,0,1,0,T20I # 2677
Bangladesh Vs Netherlands,Netherlands,Paul van Meekeren,4,0,15,2,3.75,13,1,0,0,0,T20I # 2677
Bangladesh Vs Netherlands,Netherlands,Logan van Beek,4,0,43,0,10.75,9,7,1,1,0,T20I # 2677
Bangladesh Vs Netherlands,Netherlands,Bas de Leede,3,0,31,0,10.33,5,5,0,0,0,T20I # 2677
Bangladesh Vs Netherlands,Netherlands,Tim Pringle,3,0,26,1,8.66,6,3,1,0,0,T20I # 2677
Bangladesh Vs Netherlands,Bangladesh,Mustafizur Rahman,4,0,12,1,3,17,1,0,1,0,T20I # 2677
Bangladesh Vs Netherlands,Bangladesh,Tanzim Hasan Sakib,3,0,23,1,7.66,9,4,0,0,0,T20I # 2677
Bangladesh Vs Netherlands,Bangladesh,Taskin Ahmed,4,0,30,2,7.5,13,3,2,0,0,T20I # 2677
Bangladesh Vs Netherlands,Bangladesh,Shakib Al Hasan,4,0,29,0,7.25,10,1,2,0,0,T20I # 2677
Bangladesh Vs Netherlands,Bangladesh,Rishad Hossain,4,0,33,3,8.25,11,2,2,0,0,T20I # 2677
Bangladesh Vs Netherlands,Bangladesh,Mahmudullah,1,0,6,1,6,3,1,0,0,0,T20I # 2677
West Indies Vs New Zealand,New Zealand,Trent Boult,4,1,16,3,4,15,2,0,0,0,T20I # 2672
West Indies Vs New Zealand,New Zealand,Tim Southee,4,0,21,2,5.25,14,2,1,0,0,T20I # 2672
West Indies Vs New Zealand,New Zealand,Lockie Ferguson,4,0,27,2,6.75,11,2,1,2,0,T20I # 2672
West Indies Vs New Zealand,New Zealand,James Neesham,4,0,27,1,6.75,9,0,2,1,0,T20I # 2672
West Indies Vs New Zealand,New Zealand,Glenn Phillips,1,0,9,0,9,2,0,1,0,0,T20I # 2672
West Indies Vs New Zealand,New Zealand,Mitchell Santner,2,0,27,1,13.5,4,2,2,0,0,T20I # 2672
West Indies Vs New Zealand,New Zealand,Daryl Mitchell,1,0,19,0,19,2,0,3,0,0,T20I # 2672
West Indies Vs New Zealand,West Indies,Akeal Hosein,4,0,21,1,5.25,11,1,1,0,0,T20I # 2672
West Indies Vs New Zealand,West Indies,Romario Shepherd,3,0,36,0,12,7,1,4,2,0,T20I # 2672
West Indies Vs New Zealand,West Indies,Andre Russell,4,0,30,1,7.5,11,2,2,0,0,T20I # 2672
West Indies Vs New Zealand,West Indies,Alzarri Joseph,4,0,19,4,4.75,13,2,0,0,0,T20I # 2672
West Indies Vs New Zealand,West Indies,Gudakesh Motie,4,0,25,3,6.25,11,1,1,0,0,T20I # 2672
West Indies Vs New Zealand,West Indies,Roston Chase,1,0,4,0,4,3,0,0,1,0,T20I # 2672
USA Vs India,India,Arshdeep Singh,4,0,9,4,2.25,17,0,0,1,0,T20I # 2671
USA Vs India,India,Mohammed Siraj,4,0,25,0,6.25,11,1,1,0,0,T20I # 2671
USA Vs India,India,Jasprit Bumrah,4,0,25,0,6.25,14,1,1,1,0,T20I # 2671
USA Vs India,India,Hardik Pandya,4,1,14,2,3.5,19,1,1,0,0,T20I # 2671
USA Vs India,India,Shivam Dube,1,0,11,0,11,3,1,1,0,0,T20I # 2671
USA Vs India,India,Axar Patel,3,0,25,1,8.33,5,0,2,1,0,T20I # 2671
USA Vs India,USA,Saurabh Netravalkar,4,0,18,2,4.5,13,0,1,0,0,T20I # 2671
USA Vs India,USA,Ali Khan,3.2,0,21,1,6.3,8,2,0,1,0,T20I # 2671
USA Vs India,USA,Jasdeep Singh,4,0,24,0,6,11,1,1,0,1,T20I # 2671
USA Vs India,USA,Shadley van Schalkwyk,4,0,25,0,6.25,8,1,1,0,0,T20I # 2671
USA Vs India,USA,Corey Anderson,3,0,17,0,5.66,8,0,1,1,0,T20I # 2671
Australia Vs Namibia,Australia,Josh Hazlewood,4,0,18,2,4.5,16,2,0,1,0,T20I # 2666
Australia Vs Namibia,Australia,Marcus Stoinis,3,0,9,2,3,14,1,0,2,0,T20I # 2666
Australia Vs Namibia,Australia,Pat Cummins,3,1,16,1,5.33,11,1,1,0,0,T20I # 2666
Australia Vs Namibia,Australia,Adam Zampa,4,0,12,4,3,17,0,1,0,0,T20I # 2666
Australia Vs Namibia,Australia,Nathan Ellis,3,1,12,1,4,13,2,0,0,0,T20I # 2666
Australia Vs Namibia,Namibia,Ruben Trumpelmann,2,0,19,0,9.5,5,4,0,0,0,T20I # 2666
Australia Vs Namibia,Namibia,David Wiese,1,0,15,1,15,3,2,1,1,0,T20I # 2666
Australia Vs Namibia,Namibia,Ben Shikongo,1,0,19,0,19,1,3,1,0,0,T20I # 2666
Australia Vs Namibia,Namibia,Gerhard Erasmus,1,0,6,0,6,5,0,1,0,0,T20I # 2666
Australia Vs Namibia,Namibia,Jack Brassell,0.4,0,14,0,21,1,2,1,0,0,T20I # 2666
Canada Vs Pakistan,Pakistan,Shaheen Shah Afridi,4,0,21,1,5.25,16,2,1,1,0,T20I # 2665
Canada Vs Pakistan,Pakistan,Naseem Shah,4,0,24,1,6,13,2,1,1,0,T20I # 2665
Canada Vs Pakistan,Pakistan,Mohammad Amir,4,0,13,2,3.25,17,2,0,0,0,T20I # 2665
Canada Vs Pakistan,Pakistan,Haris Rauf,4,0,26,2,6.5,14,1,1,3,0,T20I # 2665
Canada Vs Pakistan,Pakistan,Imad Wasim,4,0,19,0,4.75,16,0,2,1,0,T20I # 2665
Canada Vs Pakistan,Canada,Kaleem Sana,3,0,21,0,7,8,1,0,1,0,T20I # 2665
Canada Vs Pakistan,Canada,Jeremy Gordon,3.3,0,17,1,4.85,11,1,0,1,0,T20I # 2665
Canada Vs Pakistan,Canada,Dilon Heyliger,4,0,18,2,4.5,10,0,0,1,0,T20I # 2665
Canada Vs Pakistan,Canada,Saad Bin Zafar,4,0,23,0,5.75,7,1,0,1,0,T20I # 2665
Canada Vs Pakistan,Canada,Junaid Siddiqui,3,0,28,0,9.33,3,0,2,1,0,T20I # 2665
Bangladesh Vs South Africa,Bangladesh,Tanzim Hasan Sakib,4,0,18,3,4.5,17,1,1,2,0,T20I # 2664
Bangladesh Vs South Africa,Bangladesh,Taskin Ahmed,4,0,19,2,4.75,14,1,1,0,0,T20I # 2664
Bangladesh Vs South Africa,Bangladesh,Mustafizur Rahman,4,0,18,0,4.5,16,1,1,1,0,T20I # 2664
Bangladesh Vs South Africa,Bangladesh,Rishad Hossain,4,0,32,1,8,10,2,2,0,0,T20I # 2664
Bangladesh Vs South Africa,Bangladesh,Shakib Al Hasan,1,0,6,0,6,1,0,0,0,0,T20I # 2664
Bangladesh Vs South Africa,Bangladesh,Mahmudullah,3,0,17,0,5.66,8,0,1,0,0,T20I # 2664
Bangladesh Vs South Africa,South Africa,Marco Jansen,4,0,17,0,4.25,17,2,0,2,0,T20I # 2664
Bangladesh Vs South Africa,South Africa,Kagiso Rabada,4,0,19,2,4.75,12,2,0,0,0,T20I # 2664
Bangladesh Vs South Africa,South Africa,Ottneil Baartman,4,0,27,0,6.75,11,2,1,0,0,T20I # 2664
Bangladesh Vs South Africa,South Africa,Keshav Maharaj,4,0,27,3,6.75,12,0,2,2,0,T20I # 2664
Bangladesh Vs South Africa,South Africa,Anrich Nortje,4,0,17,2,4.25,14,1,0,1,1,T20I # 2664
Oman Vs Scotland,Scotland,Mark Watt,4,0,25,1,6.25,8,2,0,2,0,T20I # 2659
Oman Vs Scotland,Scotland,Brad Wheal,4,0,19,1,4.75,12,2,0,0,0,T20I # 2659
Oman Vs Scotland,Scotland,Chris Sole,4,0,41,1,10.25,7,2,3,0,0,T20I # 2659
Oman Vs Scotland,Scotland,Safyaan Sharif,4,0,40,2,10,6,6,0,0,0,T20I # 2659
Oman Vs Scotland,Scotland,Michael Leask,3,0,21,0,7,8,1,1,1,0,T20I # 2659
Oman Vs Scotland,Scotland,Chris Greaves,1,0,2,1,2,4,0,0,0,0,T20I # 2659
Oman Vs Scotland,Oman,Bilal Khan,2.1,0,12,1,5.53,8,2,0,0,0,T20I # 2659
Oman Vs Scotland,Oman,Shakeel Ahmed,2,0,23,0,11.5,5,2,2,0,0,T20I # 2659
Oman Vs Scotland,Oman,Kaleemullah,2,0,17,0,8.5,6,2,1,0,0,T20I # 2659
Oman Vs Scotland,Oman,Aqib Ilyas,3,0,41,1,13.66,6,4,3,0,0,T20I # 2659
Oman Vs Scotland,Oman,Mehran Khan,1,0,16,1,16,3,1,1,1,0,T20I # 2659
Oman Vs Scotland,Oman,Zeeshan Maqsood,2,0,22,0,11,4,2,1,0,0,T20I # 2659
Oman Vs Scotland,Oman,Ayaan Khan,1,0,20,0,20,1,0,3,0,0,T20I # 2659
India Vs Pakistan,Pakistan,Shaheen Shah Afridi,4,0,29,1,7.25,14,1,2,1,0,T20I # 2658
India Vs Pakistan,Pakistan,Naseem Shah,4,0,21,3,5.25,15,3,0,1,1,T20I # 2658
India Vs Pakistan,Pakistan,Mohammad Amir,4,0,23,2,5.75,15,3,0,0,0,T20I # 2658
India Vs Pakistan,Pakistan,Iftikhar Ahmed,1,0,7,0,7,3,1,0,1,0,T20I # 2658
India Vs Pakistan,Pakistan,Imad Wasim,3,0,17,0,5.66,6,1,0,1,0,T20I # 2658
India Vs Pakistan,Pakistan,Haris Rauf,3,0,21,3,7,10,4,0,0,0,T20I # 2658
India Vs Pakistan,India,Arshdeep Singh,4,0,31,1,7.75,11,4,0,1,0,T20I # 2658
India Vs Pakistan,India,Mohammed Siraj,4,0,19,0,4.75,11,1,0,1,1,T20I # 2658
India Vs Pakistan,India,Jasprit Bumrah,4,0,14,3,3.5,15,1,0,0,0,T20I # 2658
India Vs Pakistan,India,Hardik Pandya,4,0,24,2,6,11,1,1,1,0,T20I # 2658
India Vs Pakistan,India,Ravindra Jadeja,2,0,10,0,5,5,1,0,0,0,T20I # 2658
India Vs Pakistan,India,Axar Patel,2,0,11,1,5.5,6,0,1,0,0,T20I # 2658
West Indies Vs Uganda,Uganda,Alpesh Ramjani,3,0,16,1,5.33,11,1,1,0,0,T20I # 2651
West Indies Vs Uganda,Uganda,Cosmas Kyewuta,4,0,42,1,10.5,15,7,1,2,1,T20I # 2651
West Indies Vs Uganda,Uganda,Juma Miyagi,3,0,29,0,9.66,6,3,1,0,1,T20I # 2651
West Indies Vs Uganda,Uganda,Frank Nsubuga,3,0,29,0,9.66,4,1,2,0,1,T20I # 2651
West Indies Vs Uganda,Uganda,Brian Masaba,4,0,31,2,7.75,10,1,2,2,0,T20I # 2651
West Indies Vs Uganda,Uganda,Dinesh Nakrani,3,0,20,1,6.66,5,2,0,0,0,T20I # 2651
West Indies Vs Uganda,West Indies,Akeal Hosein,4,0,11,5,2.75,19,2,0,0,0,T20I # 2651
West Indies Vs Uganda,West Indies,Romario Shepherd,2,0,9,1,4.5,6,1,0,0,0,T20I # 2651
West Indies Vs Uganda,West Indies,Andre Russell,1,0,4,1,4,4,0,0,1,0,T20I # 2651
West Indies Vs Uganda,West Indies,Alzarri Joseph,3,0,6,2,2,14,0,0,1,0,T20I # 2651
West Indies Vs Uganda,West Indies,Gudakesh Motie,2,0,6,1,3,8,0,0,0,0,T20I # 2651
Australia Vs England,England,Moeen Ali,2,0,18,1,9,6,2,1,0,0,T20I # 2650
Australia Vs England,England,Will Jacks,1,0,22,0,22,1,0,3,0,0,T20I # 2650
Australia Vs England,England,Jofra Archer,4,0,28,1,7,11,2,1,1,0,T20I # 2650
Australia Vs England,England,Mark Wood,3,0,32,0,10.66,9,2,3,0,0,T20I # 2650
Australia Vs England,England,Adil Rashid,4,0,41,1,10.25,7,4,2,1,0,T20I # 2650
Australia Vs England,England,Chris Jordan,4,0,44,2,11,6,4,2,4,0,T20I # 2650
Australia Vs England,England,Liam Livingstone,2,0,15,1,7.5,2,0,1,0,0,T20I # 2650
Australia Vs England,Australia,Mitchell Starc,3,0,37,0,12.33,7,3,3,2,0,T20I # 2650
Australia Vs England,Australia,Josh Hazlewood,4,0,28,1,7,10,4,0,0,0,T20I # 2650
Australia Vs England,Australia,Pat Cummins,4,0,23,2,5.75,10,2,0,1,0,T20I # 2650
Australia Vs England,Australia,Marcus Stoinis,3,0,24,1,8,6,3,0,2,0,T20I # 2650
Australia Vs England,Australia,Adam Zampa,4,0,28,2,7,9,0,2,0,0,T20I # 2650
Australia Vs England,Australia,Glenn Maxwell,2,0,22,0,11,5,0,3,0,0,T20I # 2650
Netherlands Vs South Africa,South Africa,Marco Jansen,4,0,20,2,5,15,2,0,1,1,T20I # 2649
Netherlands Vs South Africa,South Africa,Kagiso Rabada,4,0,27,0,6.75,12,2,1,1,0,T20I # 2649
Netherlands Vs South Africa,South Africa,Ottneil Baartman,4,0,11,4,2.75,17,1,0,1,0,T20I # 2649
Netherlands Vs South Africa,South Africa,Anrich Nortje,4,0,19,2,4.75,14,0,1,1,1,T20I # 2649
Netherlands Vs South Africa,South Africa,Keshav Maharaj,4,0,24,0,6,6,1,0,1,0,T20I # 2649
Netherlands Vs South Africa,Netherlands,Vivian Kingma,4,1,12,2,3,18,0,0,1,0,T20I # 2649
Netherlands Vs South Africa,Netherlands,Logan van Beek,4,1,21,2,5.25,13,1,1,0,0,T20I # 2649
Netherlands Vs South Africa,Netherlands,Paul van Meekeren,4,1,13,0,3.25,17,1,0,1,0,T20I # 2649
Netherlands Vs South Africa,Netherlands,Bas de Leede,3.5,0,34,1,8.86,12,2,2,0,1,T20I # 2649
Netherlands Vs South Africa,Netherlands,Tim Pringle,2,0,14,0,7,4,0,1,0,0,T20I # 2649
Netherlands Vs South Africa,Netherlands,Vikramjit Singh,1,0,11,0,11,0,0,1,0,0,T20I # 2649
Bangladesh Vs Sri Lanka,Bangladesh,Tanzim Hasan Sakib,4,0,24,1,6,14,2,1,0,0,T20I # 2646
Bangladesh Vs Sri Lanka,Bangladesh,Shakib Al Hasan,3,0,30,0,10,5,4,0,0,0,T20I # 2646
Bangladesh Vs Sri Lanka,Bangladesh,Taskin Ahmed,4,0,25,2,6.25,12,3,0,1,0,T20I # 2646
Bangladesh Vs Sri Lanka,Bangladesh,Mustafizur Rahman,4,0,17,3,4.25,14,2,0,1,0,T20I # 2646
Bangladesh Vs Sri Lanka,Bangladesh,Rishad Hossain,4,0,22,3,5.5,10,1,1,0,0,T20I # 2646
Bangladesh Vs Sri Lanka,Bangladesh,Mahmudullah,1,0,4,0,4,2,0,0,0,0,T20I # 2646
Bangladesh Vs Sri Lanka,Sri Lanka,Dhananjaya de Silva,2,0,11,1,5.5,3,0,0,1,0,T20I # 2646
Bangladesh Vs Sri Lanka,Sri Lanka,Nuwan Thushara,4,0,18,4,4.5,14,1,0,5,0,T20I # 2646
Bangladesh Vs Sri Lanka,Sri Lanka,Maheesh Theekshana,4,0,25,0,6.25,8,1,0,3,0,T20I # 2646
Bangladesh Vs Sri Lanka,Sri Lanka,Wanindu Hasaranga,4,0,32,2,8,12,0,4,0,0,T20I # 2646
Bangladesh Vs Sri Lanka,Sri Lanka,Matheesha Pathirana,4,0,27,1,6.75,11,1,1,2,0,T20I # 2646
Bangladesh Vs Sri Lanka,Sri Lanka,Dasun Shanaka,1,0,11,0,11,2,0,1,1,0,T20I # 2646
Afghanistan Vs New Zealand,New Zealand,Trent Boult,4,0,22,2,5.5,12,1,1,0,0,T20I # 2645
Afghanistan Vs New Zealand,New Zealand,Matt Henry,4,0,37,2,9.25,10,3,2,0,0,T20I # 2645
Afghanistan Vs New Zealand,New Zealand,Mitchell Santner,4,0,24,0,6,11,3,0,0,0,T20I # 2645
Afghanistan Vs New Zealand,New Zealand,Michael Bracewell,3,0,27,0,9,6,0,3,0,0,T20I # 2645
Afghanistan Vs New Zealand,New Zealand,Lockie Ferguson,4,0,28,1,7,12,3,1,0,0,T20I # 2645
Afghanistan Vs New Zealand,New Zealand,Daryl Mitchell,1,0,16,0,16,0,0,2,0,0,T20I # 2645
Afghanistan Vs New Zealand,Afghanistan,Fazalhaq Farooqi,3.2,0,17,4,5.1,15,2,0,3,0,T20I # 2645
Afghanistan Vs New Zealand,Afghanistan,Mohammad Nabi,4,0,16,2,4,11,0,0,0,0,T20I # 2645
Afghanistan Vs New Zealand,Afghanistan,Naveen-ul-Haq,3,0,10,0,3.33,12,1,0,0,0,T20I # 2645
Afghanistan Vs New Zealand,Afghanistan,Rashid Khan,4,0,17,4,4.25,16,2,0,2,0,T20I # 2645
Afghanistan Vs New Zealand,Afghanistan,Noor Ahmad,1,0,10,0,10,1,0,1,0,0,T20I # 2645
Canada Vs Ireland,Ireland,Mark Adair,4,0,23,1,5.75,10,2,0,1,0,T20I # 2644
Canada Vs Ireland,Ireland,Josh Little,4,0,37,0,9.25,6,4,0,2,0,T20I # 2644
Canada Vs Ireland,Ireland,Craig Young,4,0,32,2,8,13,3,2,1,0,T20I # 2644
Canada Vs Ireland,Ireland,Barry McCarthy,4,0,24,2,6,12,4,0,0,0,T20I # 2644
Canada Vs Ireland,Ireland,Gareth Delany,2,0,10,1,5,5,0,0,0,0,T20I # 2644
Canada Vs Ireland,Ireland,Curtis Campher,2,0,11,0,5.5,4,0,0,1,0,T20I # 2644
Canada Vs Ireland,Canada,Kaleem Sana,4,0,38,0,9.5,11,4,1,3,0,T20I # 2644
Canada Vs Ireland,Canada,Jeremy Gordon,4,0,16,2,4,14,1,0,1,0,T20I # 2644
Canada Vs Ireland,Canada,Junaid Siddiqui,4,0,27,1,6.75,9,1,1,0,0,T20I # 2644
Canada Vs Ireland,Canada,Saad Bin Zafar,4,0,22,1,5.5,7,0,0,0,0,T20I # 2644
Canada Vs Ireland,Canada,Dilon Heyliger,4,0,18,2,4.5,12,1,0,1,0,T20I # 2644
Namibia Vs Scotland,Scotland,Brad Wheal,4,0,33,3,8.25,8,2,1,1,1,T20I # 2643
Namibia Vs Scotland,Scotland,Brad Currie,4,0,16,2,4,12,1,0,0,0,T20I # 2643
Namibia Vs Scotland,Scotland,Chris Sole,3,0,23,1,7.66,7,3,0,1,1,T20I # 2643
Namibia Vs Scotland,Scotland,Mark Watt,4,0,39,0,9.75,8,4,2,0,0,T20I # 2643
Namibia Vs Scotland,Scotland,Chris Greaves,3,0,24,1,8,5,1,1,0,0,T20I # 2643
Namibia Vs Scotland,Scotland,Michael Leask,2,0,16,1,8,4,1,1,0,0,T20I # 2643
Namibia Vs Scotland,Namibia,Ruben Trumpelmann,4,0,36,1,9,9,1,1,4,1,T20I # 2643
Namibia Vs Scotland,Namibia,David Wiese,3.3,0,30,0,8.57,10,1,3,0,0,T20I # 2643
Namibia Vs Scotland,Namibia,Tangeni Lungameni,3,0,39,1,13,4,3,2,1,0,T20I # 2643
Namibia Vs Scotland,Namibia,Bernard Scholtz,4,0,20,1,5,7,1,0,0,0,T20I # 2643
Namibia Vs Scotland,Namibia,Gerhard Erasmus,4,0,29,2,7.25,9,1,1,2,0,T20I # 2643
USA Vs Pakistan,USA,Nosthush Kenjige,4,0,30,3,7.5,10,1,2,0,0,T20I # 2642
USA Vs Pakistan,USA,Saurabh Netravalkar,4,0,18,2,4.5,13,0,1,0,0,T20I # 2642
USA Vs Pakistan,USA,Ali Khan,4,0,30,1,7.5,8,2,1,2,0,T20I # 2642
USA Vs Pakistan,USA,Harmeet Singh,4,0,34,0,8.5,9,2,2,1,0,T20I # 2642
USA Vs Pakistan,USA,Jasdeep Singh,3,0,37,1,12.33,4,2,3,1,0,T20I # 2642
USA Vs Pakistan,USA,Corey Anderson,1,0,6,0,6,3,1,0,0,0,T20I # 2642
USA Vs Pakistan,Pakistan,Shaheen Shah Afridi,4,0,33,0,8.25,13,5,1,2,0,T20I # 2642
USA Vs Pakistan,Pakistan,Mohammad Amir,4,0,25,1,6.25,12,2,0,3,0,T20I # 2642
USA Vs Pakistan,Pakistan,Naseem Shah,4,0,26,1,6.5,9,3,0,2,0,T20I # 2642
USA Vs Pakistan,Pakistan,Haris Rauf,4,0,37,1,9.25,9,4,1,1,0,T20I # 2642
USA Vs Pakistan,Pakistan,Shadab Khan,3,0,27,0,9,4,0,2,1,0,T20I # 2642
USA Vs Pakistan,Pakistan,Iftikhar Ahmed,1,0,10,0,10,2,2,0,0,0,T20I # 2642
Australia Vs Oman,Oman,Bilal Khan,4,0,36,1,9,9,4,1,1,1,T20I # 2641
Australia Vs Oman,Oman,Kaleemullah,3,0,30,1,10,7,4,1,0,0,T20I # 2641
Australia Vs Oman,Oman,Shakeel Ahmed,4,0,28,0,7,10,2,1,0,1,T20I # 2641
Australia Vs Oman,Oman,Mehran Khan,4,0,38,2,9.5,12,1,4,0,1,T20I # 2641
Australia Vs Oman,Oman,Aqib Ilyas,4,0,18,0,4.5,10,1,0,0,0,T20I # 2641
Australia Vs Oman,Oman,Zeeshan Maqsood,1,0,12,0,12,0,2,0,0,0,T20I # 2641
Australia Vs Oman,Australia,Mitchell Starc,3,0,20,2,6.66,12,3,0,5,0,T20I # 2641
Australia Vs Oman,Australia,Josh Hazlewood,4,0,21,0,5.25,12,1,1,0,0,T20I # 2641
Australia Vs Oman,Australia,Nathan Ellis,4,0,28,2,7,9,2,1,1,0,T20I # 2641
Australia Vs Oman,Australia,Marcus Stoinis,3,0,19,3,6.33,11,1,1,1,0,T20I # 2641
Australia Vs Oman,Australia,Glenn Maxwell,2,0,11,0,5.5,5,1,0,1,0,T20I # 2641
Australia Vs Oman,Australia,Adam Zampa,4,0,24,2,6,11,0,2,0,0,T20I # 2641
P.N.G. Vs Uganda ,Uganda,Alpesh Ramjani,4,1,17,2,4.25,16,1,1,0,0,T20I # 2640
P.N.G. Vs Uganda ,Uganda,Cosmas Kyewuta,3.1,0,17,2,5.36,9,2,0,0,0,T20I # 2640
P.N.G. Vs Uganda ,Uganda,Juma Miyagi,4,0,11,2,2.75,16,0,0,0,1,T20I # 2640
P.N.G. Vs Uganda ,Uganda,Brian Masaba,4,0,17,1,4.25,11,1,0,0,0,T20I # 2640
P.N.G. Vs Uganda ,Uganda,Frank Nsubuga,4,2,4,2,1,20,0,0,0,0,T20I # 2640
P.N.G. Vs Uganda ,P.N.G,Alei Nao,4,0,16,2,4,16,0,0,3,0,T20I # 2640
P.N.G. Vs Uganda ,P.N.G,Norman Vanua,4,0,19,2,4.75,17,1,0,6,0,T20I # 2640
P.N.G. Vs Uganda ,P.N.G,Chad Soper,4,0,13,1,3.25,14,0,0,1,0,T20I # 2640
P.N.G. Vs Uganda ,P.N.G,Assad Vala,2,0,10,1,5,6,1,0,0,0,T20I # 2640
P.N.G. Vs Uganda ,P.N.G,John Kariko,4,0,18,0,4.5,8,0,0,0,0,T20I # 2640
P.N.G. Vs Uganda ,P.N.G,Charles Amini,0.2,0,2,0,6,1,0,0,0,0,T20I # 2640
India Vs Ireland,India,Arshdeep Singh,4,0,35,2,8.75,14,3,1,5,1,T20I # 2639
India Vs Ireland,India,Mohammed Siraj,3,0,13,1,4.33,14,2,0,0,0,T20I # 2639
India Vs Ireland,India,Jasprit Bumrah,3,1,6,2,2,13,0,0,0,0,T20I # 2639
India Vs Ireland,India,Hardik Pandya,4,1,27,3,6.75,14,2,2,0,0,T20I # 2639
India Vs Ireland,India,Axar Patel,1,0,3,1,3,3,0,0,0,0,T20I # 2639
India Vs Ireland,India,Ravindra Jadeja,1,0,7,0,7,2,1,0,0,0,T20I # 2639
India Vs Ireland,Ireland,Mark Adair,4,0,27,1,6.75,13,3,0,3,0,T20I # 2639
India Vs Ireland,Ireland,Josh Little,4,0,42,0,10.5,12,2,4,3,0,T20I # 2639
India Vs Ireland,Ireland,Barry McCarthy,2.2,0,18,0,7.71,5,1,1,0,0,T20I # 2639
India Vs Ireland,Ireland,Curtis Campher,1,0,4,0,4,3,0,0,0,0,T20I # 2639
India Vs Ireland,Ireland,Ben White,1,0,6,1,6,3,1,0,0,0,T20I # 2639
Nepal Vs  Netherlands,Netherlands,Vivian Kingma,4,0,23,0,5.75,15,4,0,2,0,T20I # 2638
Nepal Vs  Netherlands,Netherlands,Tim Pringle,4,0,20,3,5,13,1,1,0,0,T20I # 2638
Nepal Vs  Netherlands,Netherlands,Logan van Beek,3.2,0,18,3,5.4,14,2,1,0,0,T20I # 2638
Nepal Vs  Netherlands,Netherlands,Paul van Meekeren,4,0,19,2,4.75,12,2,0,1,0,T20I # 2638
Nepal Vs  Netherlands,Netherlands,Bas de Leede,4,1,22,2,5.5,12,1,1,1,0,T20I # 2638
Nepal Vs  Netherlands,Nepal,Karan KC,3,0,17,0,5.66,10,3,0,0,0,T20I # 2638
Nepal Vs  Netherlands,Nepal,Sompal Kami,4,0,18,1,4.5,12,2,0,0,0,T20I # 2638
Nepal Vs  Netherlands,Nepal,Gulsan Jha,2,0,17,0,8.5,2,2,0,0,1,T20I # 2638
Nepal Vs  Netherlands,Nepal,Dipendra Singh Airee,2,0,6,1,3,7,0,0,0,0,T20I # 2638
Nepal Vs  Netherlands,Nepal,Abinash Bohara,3.4,0,29,1,7.9,5,2,1,0,0,T20I # 2638
Nepal Vs  Netherlands,Nepal,Sagar Dhakal,4,0,21,0,5.25,8,1,0,0,0,T20I # 2638
England Vs Scotland,England,Mark Wood,2,0,11,0,5.5,7,1,0,1,1,T20I # 2637
England Vs Scotland,England,Jofra Archer,2,0,12,0,6,6,1,0,0,0,T20I # 2637
England Vs Scotland,England,Moeen Ali,2,0,15,0,7.5,3,2,0,0,0,T20I # 2637
England Vs Scotland,England,Chris Jordan,2,0,24,0,12,5,2,2,0,0,T20I # 2637
England Vs Scotland,England,Adil Rashid,2,0,26,0,13,2,2,2,0,0,T20I # 2637
Afghanistan Vs Uganda,Uganda,Alpesh Ramjani,4,0,33,1,8.25,9,0,2,0,0,T20I # 2636
Afghanistan Vs Uganda,Uganda,Cosmas Kyewuta,4,0,25,2,6.25,9,2,0,0,0,T20I # 2636
Afghanistan Vs Uganda,Uganda,Dinesh Nakrani,3,0,37,0,12.33,2,6,0,0,0,T20I # 2636
Afghanistan Vs Uganda,Uganda,Bilal Hassan,2,0,34,0,17,3,4,1,1,1,T20I # 2636
Afghanistan Vs Uganda,Uganda,Henry Ssenyondo,2,0,19,0,9.5,4,0,2,1,0,T20I # 2636
Afghanistan Vs Uganda,Uganda,Riazat Ali Shah,1,0,11,0,11,1,1,0,0,0,T20I # 2636
Afghanistan Vs Uganda,Uganda,Brian Masaba,4,0,21,2,5.25,8,0,0,0,0,T20I # 2636
Afghanistan Vs Uganda,Afghanistan,Fazalhaq Farooqi,4,0,9,5,2.25,18,1,0,0,0,T20I # 2636
Afghanistan Vs Uganda,Afghanistan,Mujeeb Ur Rahman,3,0,16,1,5.33,13,2,0,1,0,T20I # 2636
Afghanistan Vs Uganda,Afghanistan,Naveen-ul-Haq,2,0,4,2,2,9,0,0,1,0,T20I # 2636
Afghanistan Vs Uganda,Afghanistan,Azmatullah Omarzai,2,0,7,0,3.5,8,0,0,1,0,T20I # 2636
Afghanistan Vs Uganda,Afghanistan,Rashid Khan,4,0,12,2,3,16,1,0,0,0,T20I # 2636
Afghanistan Vs Uganda,Afghanistan,Mohammad Nabi,1,0,8,0,8,3,0,1,0,0,T20I # 2636
South Africa Vs Sri Lanka,South Africa,Marco Jansen,3.1,0,15,0,4.73,11,0,1,1,0,T20I # 2635
South Africa Vs Sri Lanka,South Africa,Kagiso Rabada,4,1,21,2,5.25,15,2,1,1,0,T20I # 2635
South Africa Vs Sri Lanka,South Africa,Ottneil Baartman,4,1,9,1,2.25,20,1,0,1,0,T20I # 2635
South Africa Vs Sri Lanka,South Africa,Keshav Maharaj,4,0,22,2,5.5,10,0,1,0,0,T20I # 2635
South Africa Vs Sri Lanka,South Africa,Anrich Nortje,4,0,7,4,1.75,18,0,0,0,0,T20I # 2635
South Africa Vs Sri Lanka,Sri Lanka,Angelo Mathews,3,0,16,0,5.33,11,1,1,1,0,T20I # 2635
South Africa Vs Sri Lanka,Sri Lanka,Nuwan Thushara,3,0,18,1,6,8,0,1,0,1,T20I # 2635
South Africa Vs Sri Lanka,Sri Lanka,Dasun Shanaka,3,1,6,1,2,12,0,0,0,0,T20I # 2635
South Africa Vs Sri Lanka,Sri Lanka,Matheesha Pathirana,3,0,12,0,4,8,0,0,1,0,T20I # 2635
South Africa Vs Sri Lanka,Sri Lanka,Wanindu Hasaranga,3.2,0,22,2,6.6,10,2,1,0,0,T20I # 2635
South Africa Vs Sri Lanka,Sri Lanka,Maheesh Theekshana,1,0,3,0,3,3,0,0,0,0,T20I # 2635
Namibia Vs Oman,Namibia,Ruben Trumpelmann,4,0,21,4,5.25,12,2,0,0,1,T20I # 2634
Namibia Vs Oman,Namibia,David Wiese,3.4,0,28,3,7.63,11,4,1,0,0,T20I # 2634
Namibia Vs Oman,Namibia,Tangeni Lungameni,4,0,18,0,4.5,14,2,0,1,0,T20I # 2634
Namibia Vs Oman,Namibia,Bernard Scholtz,4,0,20,1,5,11,0,1,1,0,T20I # 2634
Namibia Vs Oman,Namibia,Gerhard Erasmus,4,0,20,2,5,9,1,0,0,0,T20I # 2634
Namibia Vs Oman,Oman,Bilal Khan,4,0,25,1,6.25,11,2,1,1,0,T20I # 2634
Namibia Vs Oman,Oman,Shakeel Ahmed,3,0,20,0,6.66,10,4,0,0,0,T20I # 2634
Namibia Vs Oman,Oman,Kaleemullah,2,0,10,0,5,7,1,0,0,0,T20I # 2634
Namibia Vs Oman,Oman,Aqib Ilyas,4,1,17,1,4.25,15,1,1,0,0,T20I # 2634
Namibia Vs Oman,Oman,Mehran Khan,3,1,7,3,2.33,12,0,0,0,0,T20I # 2634
Namibia Vs Oman,Oman,Zeeshan Maqsood,2,0,12,0,6,4,1,0,0,0,T20I # 2634
Namibia Vs Oman,Oman,Ayaan Khan,2,0,12,1,6,6,1,0,1,0,T20I # 2634
West Indies Vs P.N.G. ,West Indies,Akeal Hosein,3,0,9,1,3,13,1,0,0,0,T20I # 2633
West Indies Vs P.N.G. ,West Indies,Romario Shepherd,3,0,23,1,7.66,5,1,0,1,0,T20I # 2633
West Indies Vs P.N.G. ,West Indies,Andre Russell,3,0,19,2,6.33,8,2,0,1,0,T20I # 2633
West Indies Vs P.N.G. ,West Indies,Roston Chase,4,0,26,0,6.5,11,1,1,3,0,T20I # 2633
West Indies Vs P.N.G. ,West Indies,Alzarri Joseph,4,0,34,2,8.5,11,5,0,1,1,T20I # 2633
West Indies Vs P.N.G. ,West Indies,Gudakesh Motie,3,0,24,1,8,7,2,1,0,0,T20I # 2633
West Indies Vs P.N.G. ,P.N.G,Kabua Morea,3,0,30,0,10,7,6,0,0,0,T20I # 2633
West Indies Vs P.N.G. ,P.N.G,Alei Nao,2,1,9,1,4.5,9,2,0,0,0,T20I # 2633
West Indies Vs P.N.G. ,P.N.G,Chad Soper,3,0,19,1,6.33,8,2,0,0,0,T20I # 2633
West Indies Vs P.N.G. ,P.N.G,Sese Bau,1,0,18,0,18,1,1,2,0,0,T20I # 2633
West Indies Vs P.N.G. ,P.N.G,John Kariko,4,0,17,1,4.25,15,0,1,0,0,T20I # 2633
West Indies Vs P.N.G. ,P.N.G,Assad Vala,4,1,28,2,7,11,3,1,0,0,T20I # 2633
West Indies Vs P.N.G. ,P.N.G,Charles Amini,2,0,14,0,7,3,0,1,0,0,T20I # 2633
USA Vs Canada,USA,Ali Khan,4,0,41,1,10.25,11,5,2,2,0,T20I # 2632
USA Vs Canada,USA,Saurabh Netravalkar,2,0,16,0,8,3,2,0,0,0,T20I # 2632
USA Vs Canada,USA,Harmeet Singh,4,0,27,1,6.75,11,3,1,0,0,T20I # 2632
USA Vs Canada,USA,Jasdeep Singh,3,0,24,0,8,7,4,0,0,0,T20I # 2632
USA Vs Canada,USA,Shadley van Schalkwyk,3,0,34,0,11.33,1,1,2,0,0,T20I # 2632
USA Vs Canada,USA,Steven Taylor,1,0,15,0,15,1,0,2,0,0,T20I # 2632
USA Vs Canada,USA,Corey Anderson,3,0,29,1,9.66,4,2,1,0,0,T20I # 2632
USA Vs Canada,Canada,Kaleem Sana,4,0,34,1,8.5,9,4,0,3,0,T20I # 2632
USA Vs Canada,Canada,Jeremy Gordon,3,0,44,0,14.66,7,4,3,3,2,T20I # 2632
USA Vs Canada,Canada,Dilon Heyliger,3,0,19,1,6.33,9,0,1,2,0,T20I # 2632
USA Vs Canada,Canada,Saad Bin Zafar,4,0,42,0,10.5,9,2,4,0,0,T20I # 2632
USA Vs Canada,Canada,Nikhil Dutta,2.4,0,41,1,15.37,5,2,4,2,1,T20I # 2632
USA Vs Canada,Canada,Pargat Singh,1,0,15,0,15,0,1,1,0,0,T20I # 2632
